candidate_id,full_name,source,profile_created_date
C001,Allison Hill,Career Page,2024-08-24
C002,Brian Yang,LinkedIn,2025-05-01
C003,Javier Johnson,LinkedIn,2024-08-20
C003,Javier Johnson,LinkedIn,2024-08-20
C004,Lance Hoffman,Career Page,2025-09-11
C005,,Referral,2025-06-04
C006,Sean Blake,LinkedIn,2024-07-06
C007,Gina Moore,LinkedIn,2025-10-18
C008,Brandon Davis,LinkedIn,2025-12-22
C009,Dennis Williams,Career Page,2025-02-23
C010,Valerie Gray,LinkdIn,2025-05-06
C011,Mark Mcclure,Career Page,2024-12-09
C012,Michele Williams,Referral,2024-08-28
C013,Victoria Wyatt,LinkedIn,2026-01-06
C014,Donald Reid,LinkedIn,2024-12-12
C015,Henry Santiago,LinkedIn,08/31/2025
C016,Maria Lynch,LinkedIn,2024-07-14
C017,Danielle Ford,LinkedIn,2024-09-29
C018,Margaret Hawkins DDS,Career Page,2025-12-18
C019,Amy Underwood,Career Page,2025-11-19
C020,Derek Clark,LinkedIn,2030-11-25
C021,Christy Porter,Career Page,2026-01-20
C022,Judy Baker,LinkedIn,2024-09-11
C023,Kimberly Burgess,Career Page,2025-01-30
C024,Jennifer Robinson,Career Page,2024-06-19
C025,Ann Williams   ,Career Page,2024-05-28
C026,Christopher Becker,Career Page,2025-06-10
C027,James Ferrell,Referral,2025-04-18
C028,Juan Dunlap,LinkedIn,2025-08-14
C029,Melanie Herrera,Referral,2024-09-27
,Gina Carter,Career Page,2024-07-04
C031,Troy Liu,Referral,2024-09-24
C032,Pamela Romero,LinkedIn,2024-05-25
C033,Elizabeth Fowler,LinkedIn,2025-06-20
C034,James Martin,Career Page,2025-10-29
C035,Tamara George,Referral,2025-03-18
C036,Timothy Koch,Referral,2025-12-09
C037,Cynthia Allen,Referral,2025-05-18
C038,Angelica Tucker,LinkedIn,2024-04-26
C039,Kim Martinez,LinkedIn,2025-07-29
C040,Joshua Baker,Referral,2026-01-10
C041,Tracey Hickman,LinkedIn,2025-10-11
C042,Christina Collins,LinkedIn,2025-08-07
C043,Jessica Holmes,Referral,2024-06-05
C044,Austin Smith,LinkedIn,2025-05-08
C045,Daniel Jones,Referral,2025-07-07
C046,Austin Johnson,Referral,2024-11-15
C047,David Caldwell,Career Page,2024-08-17
C048,Miranda Khan,Referral,2025-05-25
C049,Richard Aguirre,LinkedIn,2024-07-29
C050,Matthew Gomez,Career Page,2025-01-17
